-- Valentina Studio --
-- MySQL dump --
-- ---------------------------------------------------------


/*!40101 SET @OLD_CHARACTER_SET_CLIENT=@@CHARACTER_SET_CLIENT */;
/*!40101 SET @OLD_CHARACTER_SET_RESULTS=@@CHARACTER_SET_RESULTS */;
/*!40101 SET @OLD_COLLATION_CONNECTION=@@COLLATION_CONNECTION */;
/*!40014 SET @OLD_FOREIGN_KEY_CHECKS=@@FOREIGN_KEY_CHECKS, FOREIGN_KEY_CHECKS=0 */;
/*!40101 SET @OLD_SQL_MODE=@@SQL_MODE, SQL_MODE='NO_AUTO_VALUE_ON_ZERO' */;
-- ---------------------------------------------------------


-- DROP TABLE "ci_sessions" ------------------------------------
DROP TABLE IF EXISTS `ci_sessions` CASCADE;
-- -------------------------------------------------------------


-- CREATE TABLE "ci_sessions" ----------------------------------
CREATE TABLE `ci_sessions` ( 
	`id` VarChar( 40 ) CHARACTER SET utf8 COLLATE utf8_bin NOT NULL,
	`session_id` VarChar( 40 ) CHARACTER SET utf8 COLLATE utf8_bin NOT NULL DEFAULT '0',
	`ip_address` VarChar( 45 ) CHARACTER SET utf8 COLLATE utf8_bin NOT NULL DEFAULT '0',
	`user_agent` VarChar( 150 ) CHARACTER SET utf8 COLLATE utf8_bin NULL,
	`last_activity` Int( 10 ) UNSIGNED NOT NULL DEFAULT 0,
	`user_data` Text CHARACTER SET utf8 COLLATE utf8_bin NULL,
	`timestamp` Int( 10 ) UNSIGNED NOT NULL,
	`data` Blob NOT NULL,
	PRIMARY KEY ( `id`, `session_id`, `ip_address` ) )
CHARACTER SET = utf8
COLLATE = utf8_bin
ENGINE = InnoDB;
-- -------------------------------------------------------------


-- DROP TABLE "clientes" ---------------------------------------
DROP TABLE IF EXISTS `clientes` CASCADE;
-- -------------------------------------------------------------


-- CREATE TABLE "clientes" -------------------------------------
CREATE TABLE `clientes` ( 
	`idClientes` Int( 11 ) AUTO_INCREMENT NOT NULL,
	`nomCliente` VarChar( 255 ) CHARACTER SET latin1 COLLATE latin1_swedish_ci NOT NULL,
	`documento` VarChar( 20 ) CHARACTER SET latin1 COLLATE latin1_swedish_ci NOT NULL,
	`telefono` VarChar( 20 ) CHARACTER SET latin1 COLLATE latin1_swedish_ci NOT NULL,
	`celular` VarChar( 20 ) CHARACTER SET latin1 COLLATE latin1_swedish_ci NULL,
	`email` VarChar( 100 ) CHARACTER SET latin1 COLLATE latin1_swedish_ci NOT NULL,
	`direccion` Date NULL,
	`calle` VarChar( 70 ) CHARACTER SET latin1 COLLATE latin1_swedish_ci NULL,
	`numero` VarChar( 15 ) CHARACTER SET latin1 COLLATE latin1_swedish_ci NULL,
	`barrio` VarChar( 45 ) CHARACTER SET latin1 COLLATE latin1_swedish_ci NULL,
	`ciudad` VarChar( 45 ) CHARACTER SET latin1 COLLATE latin1_swedish_ci NULL,
	`estado` VarChar( 20 ) CHARACTER SET latin1 COLLATE latin1_swedish_ci NULL,
	`fechacli` Date NULL,
	`cep` VarChar( 20 ) CHARACTER SET latin1 COLLATE latin1_swedish_ci NULL,
	PRIMARY KEY ( `idClientes` ) )
CHARACTER SET = latin1
COLLATE = latin1_swedish_ci
ENGINE = InnoDB
AUTO_INCREMENT = 7;
-- -------------------------------------------------------------


-- DROP TABLE "compras" ----------------------------------------
DROP TABLE IF EXISTS `compras` CASCADE;
-- -------------------------------------------------------------


-- CREATE TABLE "compras" --------------------------------------
CREATE TABLE `compras` ( 
	`idCompras` Int( 11 ) AUTO_INCREMENT NOT NULL,
	`fechaCompra` Date NULL,
	`valorTotal` VarChar( 45 ) CHARACTER SET utf8 COLLATE utf8_spanish_ci NULL,
	`descuento` VarChar( 45 ) CHARACTER SET utf8 COLLATE utf8_spanish_ci NULL,
	`nrofactcompra` VarChar( 45 ) CHARACTER SET utf8 COLLATE utf8_spanish_ci NULL,
	`proveedor_id` Int( 11 ) NOT NULL,
	`usuarios_id` Int( 11 ) NULL,
	`nrotemp_id` Int( 11 ) NULL,
	PRIMARY KEY ( `idCompras` ) )
CHARACTER SET = utf8
COLLATE = utf8_spanish_ci
ENGINE = InnoDB
AUTO_INCREMENT = 7;
-- -------------------------------------------------------------


-- DROP TABLE "compras_det" ------------------------------------
DROP TABLE IF EXISTS `compras_det` CASCADE;
-- -------------------------------------------------------------


-- CREATE TABLE "compras_det" ----------------------------------
CREATE TABLE `compras_det` ( 
	`idFactcomp` Int( 11 ) AUTO_INCREMENT NOT NULL,
	`nrotemp` VarChar( 20 ) CHARACTER SET latin1 COLLATE latin1_swedish_ci NULL,
	`nrofactcompra` VarChar( 20 ) CHARACTER SET latin1 COLLATE latin1_swedish_ci NOT NULL,
	`codprod` VarChar( 20 ) CHARACTER SET latin1 COLLATE latin1_swedish_ci NULL,
	`cant` VarChar( 5 ) CHARACTER SET latin1 COLLATE latin1_swedish_ci NOT NULL,
	`unidad` VarChar( 10 ) CHARACTER SET latin1 COLLATE latin1_swedish_ci NOT NULL,
	`precioVent` Decimal( 10, 0 ) NOT NULL,
	`precioComp` Decimal( 10, 2 ) NOT NULL,
	`fecha` Date NOT NULL,
	PRIMARY KEY ( `idFactcomp` ) )
CHARACTER SET = latin1
COLLATE = latin1_swedish_ci
ENGINE = InnoDB
AUTO_INCREMENT = 11;
-- -------------------------------------------------------------


-- DROP TABLE "empresa" ----------------------------------------
DROP TABLE IF EXISTS `empresa` CASCADE;
-- -------------------------------------------------------------


-- CREATE TABLE "empresa" --------------------------------------
CREATE TABLE `empresa` ( 
	`id` Int( 11 ) AUTO_INCREMENT NOT NULL,
	`nombrempresa` VarChar( 255 ) CHARACTER SET utf8 COLLATE utf8_spanish_ci NULL,
	`rif` VarChar( 45 ) CHARACTER SET utf8 COLLATE utf8_spanish_ci NULL,
	`ramo` VarChar( 50 ) CHARACTER SET utf8 COLLATE utf8_spanish_ci NULL,
	`iva` VarChar( 2 ) CHARACTER SET utf8 COLLATE utf8_spanish_ci NULL,
	`direccion` VarChar( 70 ) CHARACTER SET utf8 COLLATE utf8_spanish_ci NULL,
	`numero` VarChar( 15 ) CHARACTER SET utf8 COLLATE utf8_spanish_ci NULL,
	`sector` VarChar( 45 ) CHARACTER SET utf8 COLLATE utf8_spanish_ci NULL,
	`ciudad` VarChar( 45 ) CHARACTER SET utf8 COLLATE utf8_spanish_ci NULL,
	`telefonoemp` VarChar( 20 ) CHARACTER SET utf8 COLLATE utf8_spanish_ci NULL,
	`email` VarChar( 255 ) CHARACTER SET utf8 COLLATE utf8_spanish_ci NULL,
	`url_logo` VarChar( 225 ) CHARACTER SET utf8 COLLATE utf8_spanish_ci NULL,
	`nrotemp` VarChar( 10 ) CHARACTER SET utf8 COLLATE utf8_spanish_ci NULL,
	`nrofact` VarChar( 10 ) CHARACTER SET utf8 COLLATE utf8_spanish_ci NULL,
	PRIMARY KEY ( `id` ) )
CHARACTER SET = utf8
COLLATE = utf8_spanish_ci
ENGINE = InnoDB
AUTO_INCREMENT = 2;
-- -------------------------------------------------------------


-- DROP TABLE "facturacion" ------------------------------------
DROP TABLE IF EXISTS `facturacion` CASCADE;
-- -------------------------------------------------------------


-- CREATE TABLE "facturacion" ----------------------------------
CREATE TABLE `facturacion` ( 
	`idfac` Int( 11 ) AUTO_INCREMENT NOT NULL,
	`descripfac` VarChar( 255 ) CHARACTER SET latin1 COLLATE latin1_swedish_ci NULL,
	`valor` VarChar( 15 ) CHARACTER SET latin1 COLLATE latin1_swedish_ci NOT NULL,
	`data_vencimiento` Date NOT NULL,
	`data_pago` Date NULL,
	`bajado` TinyInt( 1 ) NULL,
	`cliente_recibidor` VarChar( 255 ) CHARACTER SET latin1 COLLATE latin1_swedish_ci NULL,
	`forma_pgo` VarChar( 100 ) CHARACTER SET latin1 COLLATE latin1_swedish_ci NULL,
	`tipo` VarChar( 45 ) CHARACTER SET latin1 COLLATE latin1_swedish_ci NULL,
	`anexo` VarChar( 250 ) CHARACTER SET latin1 COLLATE latin1_swedish_ci NULL,
	`clientes_id` Int( 11 ) NULL,
	PRIMARY KEY ( `idfac` ) )
CHARACTER SET = latin1
COLLATE = latin1_swedish_ci
ENGINE = InnoDB
AUTO_INCREMENT = 1;
-- -------------------------------------------------------------


-- DROP TABLE "os" ---------------------------------------------
DROP TABLE IF EXISTS `os` CASCADE;
-- -------------------------------------------------------------


-- CREATE TABLE "os" -------------------------------------------
CREATE TABLE `os` ( 
	`idOs` Int( 11 ) AUTO_INCREMENT NOT NULL,
	`fechaInicial` Date NULL,
	`fechaFinal` Date NULL,
	`garantia` VarChar( 45 ) CHARACTER SET latin1 COLLATE latin1_swedish_ci NULL,
	`descriProducto` VarChar( 150 ) CHARACTER SET latin1 COLLATE latin1_swedish_ci NULL,
	`defecto` VarChar( 150 ) CHARACTER SET latin1 COLLATE latin1_swedish_ci NULL,
	`status` VarChar( 45 ) CHARACTER SET latin1 COLLATE latin1_swedish_ci NULL,
	`observacion` VarChar( 150 ) CHARACTER SET latin1 COLLATE latin1_swedish_ci NULL,
	`laudoTecnico` VarChar( 150 ) CHARACTER SET latin1 COLLATE latin1_swedish_ci NULL,
	`valorTotal` VarChar( 15 ) CHARACTER SET latin1 COLLATE latin1_swedish_ci NULL,
	`clientes_id` Int( 11 ) NOT NULL,
	`usuarios_id` Int( 11 ) NOT NULL,
	`facturacion` Int( 11 ) NULL,
	`faturado` TinyInt( 1 ) NOT NULL,
	PRIMARY KEY ( `idOs` ) )
CHARACTER SET = latin1
COLLATE = latin1_swedish_ci
ENGINE = InnoDB
AUTO_INCREMENT = 1;
-- -------------------------------------------------------------


-- DROP TABLE "permisos" ---------------------------------------
DROP TABLE IF EXISTS `permisos` CASCADE;
-- -------------------------------------------------------------


-- CREATE TABLE "permisos" -------------------------------------
CREATE TABLE `permisos` ( 
	`idPermiso` Int( 11 ) AUTO_INCREMENT NOT NULL,
	`nombperm` VarChar( 80 ) CHARACTER SET utf8 COLLATE utf8_spanish_ci NOT NULL,
	`permisos` Text CHARACTER SET utf8 COLLATE utf8_spanish_ci NULL,
	`status` TinyInt( 1 ) NULL,
	`fecha` Date NULL,
	PRIMARY KEY ( `idPermiso` ) )
CHARACTER SET = utf8
COLLATE = utf8_spanish_ci
ENGINE = InnoDB
AUTO_INCREMENT = 2;
-- -------------------------------------------------------------


-- DROP TABLE "productos" --------------------------------------
DROP TABLE IF EXISTS `productos` CASCADE;
-- -------------------------------------------------------------


-- CREATE TABLE "productos" ------------------------------------
CREATE TABLE `productos` ( 
	`idProductos` Int( 11 ) AUTO_INCREMENT NOT NULL,
	`codprod` VarChar( 10 ) CHARACTER SET latin1 COLLATE latin1_swedish_ci NOT NULL,
	`descriProd` VarChar( 80 ) CHARACTER SET latin1 COLLATE latin1_swedish_ci NOT NULL,
	`unidad` VarChar( 10 ) CHARACTER SET latin1 COLLATE latin1_swedish_ci NOT NULL,
	`categoria` VarChar( 10 ) CHARACTER SET latin1 COLLATE latin1_swedish_ci NOT NULL,
	`estilo` VarChar( 7 ) CHARACTER SET latin1 COLLATE latin1_swedish_ci NOT NULL,
	`tipo` VarChar( 10 ) CHARACTER SET latin1 COLLATE latin1_swedish_ci NOT NULL,
	`talla` VarChar( 2 ) CHARACTER SET latin1 COLLATE latin1_swedish_ci NOT NULL,
	`color` VarChar( 12 ) CHARACTER SET latin1 COLLATE latin1_swedish_ci NOT NULL,
	`caractprod` VarChar( 200 ) CHARACTER SET latin1 COLLATE latin1_swedish_ci NOT NULL,
	`precioCompra` Decimal( 10, 2 ) NOT NULL,
	`precioVenta` Decimal( 10, 2 ) NOT NULL,
	`precioVentaMay` Decimal( 10, 2 ) NOT NULL,
	`existencia` VarChar( 11 ) CHARACTER SET latin1 COLLATE latin1_swedish_ci NOT NULL,
	`existMinimo` VarChar( 2 ) CHARACTER SET latin1 COLLATE latin1_swedish_ci NOT NULL,
	PRIMARY KEY ( `idProductos` ) )
CHARACTER SET = latin1
COLLATE = latin1_swedish_ci
ENGINE = InnoDB
AUTO_INCREMENT = 12;
-- -------------------------------------------------------------


-- DROP TABLE "productos_os" -----------------------------------
DROP TABLE IF EXISTS `productos_os` CASCADE;
-- -------------------------------------------------------------


-- CREATE TABLE "productos_os" ---------------------------------
CREATE TABLE `productos_os` ( 
	`idProductos_os` Int( 11 ) AUTO_INCREMENT NOT NULL,
	`cant_prod` Int( 11 ) NOT NULL,
	`os_id` Int( 11 ) NOT NULL,
	`productos_id` Int( 11 ) NOT NULL,
	`subTotal` VarChar( 15 ) CHARACTER SET latin1 COLLATE latin1_swedish_ci NULL,
	PRIMARY KEY ( `idProductos_os` ) )
CHARACTER SET = latin1
COLLATE = latin1_swedish_ci
ENGINE = InnoDB
AUTO_INCREMENT = 1;
-- -------------------------------------------------------------


-- DROP TABLE "proveedores" ------------------------------------
DROP TABLE IF EXISTS `proveedores` CASCADE;
-- -------------------------------------------------------------


-- CREATE TABLE "proveedores" ----------------------------------
CREATE TABLE `proveedores` ( 
	`idProv` Int( 11 ) AUTO_INCREMENT NOT NULL,
	`nomProv` VarChar( 255 ) CHARACTER SET latin1 COLLATE latin1_swedish_ci NOT NULL,
	`documento` VarChar( 20 ) CHARACTER SET latin1 COLLATE latin1_swedish_ci NOT NULL,
	`telefono` VarChar( 20 ) CHARACTER SET latin1 COLLATE latin1_swedish_ci NOT NULL,
	`celular` VarChar( 20 ) CHARACTER SET latin1 COLLATE latin1_swedish_ci NULL,
	`email` VarChar( 100 ) CHARACTER SET latin1 COLLATE latin1_swedish_ci NOT NULL,
	`direccion` Date NULL,
	`calle` VarChar( 70 ) CHARACTER SET latin1 COLLATE latin1_swedish_ci NULL,
	`numero` VarChar( 15 ) CHARACTER SET latin1 COLLATE latin1_swedish_ci NULL,
	`barrio` VarChar( 45 ) CHARACTER SET latin1 COLLATE latin1_swedish_ci NULL,
	`ciudad` VarChar( 45 ) CHARACTER SET latin1 COLLATE latin1_swedish_ci NULL,
	`estado` VarChar( 20 ) CHARACTER SET latin1 COLLATE latin1_swedish_ci NULL,
	`fechaprov` Date NULL,
	`cep` VarChar( 20 ) CHARACTER SET latin1 COLLATE latin1_swedish_ci NULL,
	PRIMARY KEY ( `idProv` ) )
CHARACTER SET = latin1
COLLATE = latin1_swedish_ci
ENGINE = InnoDB
AUTO_INCREMENT = 6;
-- -------------------------------------------------------------


-- DROP TABLE "usuarios" ---------------------------------------
DROP TABLE IF EXISTS `usuarios` CASCADE;
-- -------------------------------------------------------------


-- CREATE TABLE "usuarios" -------------------------------------
CREATE TABLE `usuarios` ( 
	`idUsuarios` Int( 11 ) AUTO_INCREMENT NOT NULL,
	`nombre` VarChar( 80 ) CHARACTER SET latin1 COLLATE latin1_swedish_ci NOT NULL,
	`apellido` VarChar( 20 ) CHARACTER SET latin1 COLLATE latin1_swedish_ci NULL,
	`cedula` VarChar( 20 ) CHARACTER SET latin1 COLLATE latin1_swedish_ci NOT NULL,
	`calle` VarChar( 70 ) CHARACTER SET latin1 COLLATE latin1_swedish_ci NULL,
	`numero` VarChar( 15 ) CHARACTER SET latin1 COLLATE latin1_swedish_ci NULL,
	`barrio` VarChar( 45 ) CHARACTER SET latin1 COLLATE latin1_swedish_ci NULL,
	`ciudad` VarChar( 45 ) CHARACTER SET latin1 COLLATE latin1_swedish_ci NULL,
	`estado` VarChar( 20 ) CHARACTER SET latin1 COLLATE latin1_swedish_ci NULL,
	`email` VarChar( 80 ) CHARACTER SET latin1 COLLATE latin1_swedish_ci NOT NULL,
	`clave` VarChar( 45 ) CHARACTER SET latin1 COLLATE latin1_swedish_ci NOT NULL,
	`telefono` VarChar( 20 ) CHARACTER SET latin1 COLLATE latin1_swedish_ci NOT NULL,
	`celular` VarChar( 20 ) CHARACTER SET latin1 COLLATE latin1_swedish_ci NULL,
	`status` TinyInt( 1 ) NOT NULL,
	`fechaIngreso` Date NOT NULL,
	`nivel` Int( 11 ) NOT NULL,
	`ultsession` VarChar( 20 ) CHARACTER SET latin1 COLLATE latin1_swedish_ci NOT NULL,
	`permisos_id` Int( 11 ) NOT NULL,
	PRIMARY KEY ( `idUsuarios` ) )
CHARACTER SET = latin1
COLLATE = latin1_swedish_ci
ENGINE = InnoDB
AUTO_INCREMENT = 2;
-- -------------------------------------------------------------


-- DROP TABLE "ventas" -----------------------------------------
DROP TABLE IF EXISTS `ventas` CASCADE;
-- -------------------------------------------------------------


-- CREATE TABLE "ventas" ---------------------------------------
CREATE TABLE `ventas` ( 
	`idVentas` Int( 11 ) AUTO_INCREMENT NOT NULL,
	`fechaVenta` Date NULL,
	`valorTotal` VarChar( 45 ) CHARACTER SET utf8 COLLATE utf8_spanish_ci NULL,
	`descuento` VarChar( 45 ) CHARACTER SET utf8 COLLATE utf8_spanish_ci NULL,
	`facturado` TinyInt( 1 ) NULL,
	`clientes_id` Int( 11 ) NOT NULL,
	`usuarios_id` Int( 11 ) NULL,
	`nrotemp_id` Int( 11 ) NULL,
	PRIMARY KEY ( `idVentas` ) )
CHARACTER SET = utf8
COLLATE = utf8_spanish_ci
ENGINE = InnoDB
AUTO_INCREMENT = 14;
-- -------------------------------------------------------------


-- DROP TABLE "ventas_det" -------------------------------------
DROP TABLE IF EXISTS `ventas_det` CASCADE;
-- -------------------------------------------------------------


-- CREATE TABLE "ventas_det" -----------------------------------
CREATE TABLE `ventas_det` ( 
	`idFacturas` Int( 11 ) AUTO_INCREMENT NOT NULL,
	`nrotemp` VarChar( 20 ) CHARACTER SET latin1 COLLATE latin1_swedish_ci NULL,
	`nrofactura` VarChar( 20 ) CHARACTER SET latin1 COLLATE latin1_swedish_ci NOT NULL,
	`codprod` VarChar( 20 ) CHARACTER SET latin1 COLLATE latin1_swedish_ci NULL,
	`cant` VarChar( 5 ) CHARACTER SET latin1 COLLATE latin1_swedish_ci NOT NULL,
	`unidad` VarChar( 10 ) CHARACTER SET latin1 COLLATE latin1_swedish_ci NOT NULL,
	`precio` Decimal( 10, 2 ) NOT NULL,
	`fecha` Date NOT NULL,
	PRIMARY KEY ( `idFacturas` ) )
CHARACTER SET = latin1
COLLATE = latin1_swedish_ci
ENGINE = InnoDB
AUTO_INCREMENT = 31;
-- -------------------------------------------------------------


-- Dump data of "ci_sessions" ------------------------------
REPLACE INTO `ci_sessions`(`id`,`session_id`,`ip_address`,`user_agent`,`last_activity`,`user_data`,`timestamp`,`data`) VALUES 
( '0bje2oj5fkm1ejtnqreultsvpiat5fea', '0', '127.0.0.1', NULL, '0', NULL, '1538967433', 0x5F5F63695F6C6173745F726567656E65726174657C693A313533383936303039303B757365725F69647C733A313A2234223B757365726E616D657C733A303A22223B6170656E6F6D7C733A33303A22414E54554E455A2056494C4C41534D494C2C20414E47454C20454D49524F223B656D70726573617C733A31323A224D415849494D4147454E4553223B726F6C657C733A373A22636C69656E7465223B7374617475737C733A313A2231223B70657266696C7C733A373A22636C69656E7465223B636564756C617C733A383A223130383634343835223B7573756172696F7C733A303A22223B ),
( '0gflrgg07uohqs98ckdhm5c4df', '0', '127.0.0.1', NULL, '0', NULL, '1539292313', 0x5F5F63695F6C6173745F726567656E65726174657C693A313533393239323331333B69735F6C6F677565645F696E7C733A343A2254525545223B7065726D69736F735F69647C733A313A2231223B7374617475737C733A313A2231223B6E6976656C7C733A313A2231223B6170656E6F6D7C733A353A2261646D696E223B7573756172696F7C733A31353A2261646D696E4061646D696E2E636F6D223B ),
( '0hjto270pkpmkfrdklqrtqqqnu', '0', '127.0.0.1', NULL, '0', NULL, '1539289345', 0x5F5F63695F6C6173745F726567656E65726174657C693A313533393238393334353B ),
( '0s9aufvf1h3rhtej9tvpqu2opf', '0', '127.0.0.1', NULL, '0', NULL, '1539290269', 0x5F5F63695F6C6173745F726567656E65726174657C693A313533393239303236393B ),
( '114b5bkjsq6nb23njnbc70ieqk', '0', '127.0.0.1', NULL, '0', NULL, '1539290272', 0x5F5F63695F6C6173745F726567656E65726174657C693A313533393239303237323B69735F6C6F677565645F696E7C733A343A2254525545223B7065726D69736F735F69647C733A313A2231223B7374617475737C733A313A2231223B6E6976656C7C733A313A2231223B6170656E6F6D7C733A353A2261646D696E223B7573756172696F7C733A31353A2261646D696E4061646D696E2E636F6D223B ),
( '12aov9onen6adn74f5gg5fope9', '0', '127.0.0.1', NULL, '0', NULL, '1539293736', 0x5F5F63695F6C6173745F726567656E65726174657C693A313533393239333733363B ),
( '13etvbo0saeituuq1val3f2l5i', '0', '127.0.0.1', NULL, '0', NULL, '1539293181', 0x5F5F63695F6C6173745F726567656E65726174657C693A313533393239333138313B ),
( '1hor0vtd75npdvte7047sjkakt', '0', '127.0.0.1', NULL, '0', NULL, '1539293058', 0x5F5F63695F6C6173745F726567656E65726174657C693A313533393239333035383B ),
( '1nmn7ui5uoj5aigh2ek9ku5bnp', '0', '127.0.0.1', NULL, '0', NULL, '1539289706', 0x5F5F63695F6C6173745F726567656E65726174657C693A313533393238393730363B ),
( '2if2e710q9jor82p2ndiggrlb8', '0', '127.0.0.1', NULL, '0', NULL, '1539293621', 0x5F5F63695F6C6173745F726567656E65726174657C693A313533393239333632313B6572726F727C733A33383A224C6F73206461746F7320696E74726F64756369646F7320736F6E20696E636F72726563746F73223B5F5F63695F766172737C613A313A7B733A353A226572726F72223B733A333A226E6577223B7D ),
( '2tgnlslk09hbojh8pumlej5g8olni238', '0', '127.0.0.1', NULL, '0', NULL, '1539295239', 0x5F5F63695F6C6173745F726567656E65726174657C693A313533393239353233393B ),
( '3nhm2gq98m222s5qk32dig98ta', '0', '127.0.0.1', NULL, '0', NULL, '1539289734', 0x5F5F63695F6C6173745F726567656E65726174657C693A313533393238393733343B ),
( '47tb8ot4d4riok2qgtf6ft1u01', '0', '127.0.0.1', NULL, '0', NULL, '1539293853', 0x5F5F63695F6C6173745F726567656E65726174657C693A313533393239333835333B ),
( '4b28hthqr8kalc5uhlgsbfemb1', '0', '127.0.0.1', NULL, '0', NULL, '1539291692', 0x5F5F63695F6C6173745F726567656E65726174657C693A313533393239313639323B ),
( '4e4k65hvjpaklf0d7hha1tb91j', '0', '127.0.0.1', NULL, '0', NULL, '1539293064', 0x5F5F63695F6C6173745F726567656E65726174657C693A313533393239333036343B69735F6C6F677565645F696E7C733A343A2254525545223B7065726D69736F735F69647C733A313A2231223B7374617475737C733A313A2231223B6E6976656C7C733A313A2231223B6170656E6F6D7C733A353A2261646D696E223B7573756172696F7C733A31353A2261646D696E4061646D696E2E636F6D223B ),
( '4mkn7kolpuf5gc9vtgsio1s59l', '0', '127.0.0.1', NULL, '0', NULL, '1539292843', 0x5F5F63695F6C6173745F726567656E65726174657C693A313533393239323834333B ),
( '4rg48rkium6bq7er0bce3g6sjp', '0', '127.0.0.1', NULL, '0', NULL, '1539289376', 0x5F5F63695F6C6173745F726567656E65726174657C693A313533393238393337363B69735F6C6F677565645F696E7C623A313B7065726D69736F735F69647C733A313A2231223B7374617475737C733A313A2231223B6E6976656C7C733A313A2231223B6170656E6F6D7C733A353A2261646D696E223B7573756172696F7C733A31353A2261646D696E4061646D696E2E636F6D223B ),
( '4ug0t8deo7r5kie1vrk2gemd51', '0', '127.0.0.1', NULL, '0', NULL, '1539287228', 0x5F5F63695F6C6173745F726567656E65726174657C693A313533393238373232383B ),
( '57qea6k0nb55b3vfpvdokt7vlc', '0', '127.0.0.1', NULL, '0', NULL, '1539289416', 0x5F5F63695F6C6173745F726567656E65726174657C693A313533393238393431363B ),
( '57tgiv065irk52bmrkjqjd0bqf', '0', '127.0.0.1', NULL, '0', NULL, '1539288049', 0x5F5F63695F6C6173745F726567656E65726174657C693A313533393238383034383B ),
( '58nt32bv3s1s4k9c3q35pfqdrm', '0', '127.0.0.1', NULL, '0', NULL, '1539291695', 0x5F5F63695F6C6173745F726567656E65726174657C693A313533393239313639353B ),
( '5ibgtlu78kpq5ij7bk15tfo862', '0', '127.0.0.1', NULL, '0', NULL, '1539289390', 0x5F5F63695F6C6173745F726567656E65726174657C693A313533393238393339303B ),
( '5nq0mqd6iheakuvf6pmj6329ns', '0', '127.0.0.1', NULL, '0', NULL, '1539289865', 0x5F5F63695F6C6173745F726567656E65726174657C693A313533393238393836353B ),
( '6j6dh9n8j2uog6q3hj2p9k1ipi', '0', '127.0.0.1', NULL, '0', NULL, '1539290458', 0x5F5F63695F6C6173745F726567656E65726174657C693A313533393239303435383B ),
( '7cn6a0m0m2266kh1pq9fpih681', '0', '127.0.0.1', NULL, '0', NULL, '1539291695', 0x5F5F63695F6C6173745F726567656E65726174657C693A313533393239313639353B69735F6C6F677565645F696E7C733A343A2254525545223B ),
( '7jbg9ealduduh8669i95ptkph9', '0', '127.0.0.1', NULL, '0', NULL, '1539290064', 0x5F5F63695F6C6173745F726567656E65726174657C693A313533393239303036343B ),
( '7l1bpl5iirmpcq6ul05pkk06fh', '0', '127.0.0.1', NULL, '0', NULL, '1539291640', 0x5F5F63695F6C6173745F726567656E65726174657C693A313533393239313634303B ),
( '7n1uftva81d694k6ntrp4q57ri', '0', '127.0.0.1', NULL, '0', NULL, '1539292689', 0x5F5F63695F6C6173745F726567656E65726174657C693A313533393239323638393B69735F6C6F677565645F696E7C733A343A2254525545223B7065726D69736F735F69647C733A313A2231223B7374617475737C733A313A2231223B6E6976656C7C733A313A2231223B6170656E6F6D7C733A353A2261646D696E223B7573756172696F7C733A31353A2261646D696E4061646D696E2E636F6D223B ),
( '7ooq8g4gd754r1jpvss8iqlv04', '0', '127.0.0.1', NULL, '0', NULL, '1539292515', 0x5F5F63695F6C6173745F726567656E65726174657C693A313533393239323531353B ),
( '82d29us8rsbahi58ulgnlr52kt7trlb9', '0', '127.0.0.1', NULL, '0', NULL, '1539300820', 0x5F5F63695F6C6173745F726567656E65726174657C693A313533393239363239303B69735F6C6F677565645F696E7C733A343A2254525545223B7065726D69736F735F69647C733A313A2231223B7374617475737C733A313A2231223B6E6976656C7C733A313A2231223B6170656E6F6D7C733A353A2261646D696E223B7573756172696F7C733A31353A2261646D696E4061646D696E2E636F6D223B ),
( '8aubqeq0r2dv3nja8jhmrok4ul', '0', '127.0.0.1', NULL, '0', NULL, '1539290731', 0x5F5F63695F6C6173745F726567656E65726174657C693A313533393239303733313B69735F6C6F677565645F696E7C733A343A2254525545223B7065726D69736F735F69647C733A313A2231223B7374617475737C733A313A2231223B6E6976656C7C733A313A2231223B6170656E6F6D7C733A353A2261646D696E223B7573756172696F7C733A31353A2261646D696E4061646D696E2E636F6D223B ),
( '8b5k6uuj80v3ha2glv4n3ghb16', '0', '127.0.0.1', NULL, '0', NULL, '1539289870', 0x5F5F63695F6C6173745F726567656E65726174657C693A313533393238393837303B ),
( '8bnpua0o0vsti5j2mu2nskejps', '0', '127.0.0.1', NULL, '0', NULL, '1539291816', 0x5F5F63695F6C6173745F726567656E65726174657C693A313533393239313831363B ),
( '8l3n82goeqbqa93tbbk0800ifes5mb76', '0', '127.0.0.1', NULL, '0', NULL, '1571301451', 0x5F5F63695F6C6173745F726567656E65726174657C693A313537313330313435313B ),
( '8mqb6nvhkklv3jcfgglrsep8mv', '0', '127.0.0.1', NULL, '0', NULL, '1539289706', 0x5F5F63695F6C6173745F726567656E65726174657C693A313533393238393730363B ),
( '95j2uj2e449lqp7hesltbag8fi', '0', '127.0.0.1', NULL, '0', NULL, '1539293187', 0x5F5F63695F6C6173745F726567656E65726174657C693A313533393239333138373B ),
( '9dcvff2s9u5ii10u1vasokup7t', '0', '127.0.0.1', NULL, '0', NULL, '1539293641', 0x5F5F63695F6C6173745F726567656E65726174657C693A313533393239333634313B ),
( '9g99o5fe7ogpug73q3fi15bsd66n6u4m', '0', '127.0.0.1', NULL, '0', NULL, '1571298744', 0x5F5F63695F6C6173745F726567656E65726174657C693A313537313239383734343B69735F6C6F677565645F696E7C733A343A2254525545223B7065726D69736F735F69647C733A313A2231223B7374617475737C733A313A2231223B6E6976656C7C733A313A2231223B6170656E6F6D7C733A353A2261646D696E223B7573756172696F7C733A31353A2261646D696E4061646D696E2E636F6D223B ),
( 'a0j2agesl1qqb9ok48c8efg962', '0', '127.0.0.1', NULL, '0', NULL, '1539290191', 0x5F5F63695F6C6173745F726567656E65726174657C693A313533393239303139313B7C4E3B6572726F727C733A33383A224C6F73206461746F7320696E74726F64756369646F7320736F6E20696E636F72726563746F73223B5F5F63695F766172737C613A313A7B733A353A226572726F72223B733A333A226E6577223B7D ),
( 'a3ffc6bc2udcjbecb5ark335r9', '0', '127.0.0.1', NULL, '0', NULL, '1539289398', 0x5F5F63695F6C6173745F726567656E65726174657C693A313533393238393339383B ),
( 'a52fltdft92g8i82frim6bo7rv', '0', '127.0.0.1', NULL, '0', NULL, '1539293706', 0x5F5F63695F6C6173745F726567656E65726174657C693A313533393239333730363B ),
( 'a5pvnvg4lapgv0ua1pc3i4qhrd', '0', '127.0.0.1', NULL, '0', NULL, '1539293060', 0x5F5F63695F6C6173745F726567656E65726174657C693A313533393239333036303B ),
( 'abbsmvkbkha7uvonm0ae1414a6', '0', '127.0.0.1', NULL, '0', NULL, '1539293807', 0x5F5F63695F6C6173745F726567656E65726174657C693A313533393239333830373B ),
( 'ai9q9n5eeu1j350413bt2i3ajh', '0', '127.0.0.1', NULL, '0', NULL, '1539290615', 0x5F5F63695F6C6173745F726567656E65726174657C693A313533393239303631353B ),
( 'aig9j0u6bp01k41ufq7i00m1n5', '0', '127.0.0.1', NULL, '0', NULL, '1539291867', 0x5F5F63695F6C6173745F726567656E65726174657C693A313533393239313836373B ),
( 'akrhvaogp1191rtd9mpond0tbocnplkj', '0', '127.0.0.1', NULL, '0', NULL, '1538960088', 0x5F5F63695F6C6173745F726567656E65726174657C693A313533383935323439373B757365725F69647C733A313A2234223B757365726E616D657C733A303A22223B6170656E6F6D7C733A33303A22414E54554E455A2056494C4C41534D494C2C20414E47454C20454D49524F223B656D70726573617C733A31323A224D415849494D4147454E4553223B726F6C657C733A373A22636C69656E7465223B7374617475737C733A313A2231223B70657266696C7C733A373A22636C69656E7465223B636564756C617C733A383A223130383634343835223B7573756172696F7C733A303A22223B6D6573736167657C733A303A22223B5F5F63695F766172737C613A313A7B733A373A226D657373616765223B733A333A226F6C64223B7D ),
( 'al2ctrn4tamaqov8joc3r0thu0', '0', '127.0.0.1', NULL, '0', NULL, '1539291674', 0x5F5F63695F6C6173745F726567656E65726174657C693A313533393239313637343B ),
( 'ar8u7cmt0bgkbo823i21l54bmc', '0', '127.0.0.1', NULL, '0', NULL, '1539291234', 0x5F5F63695F6C6173745F726567656E65726174657C693A313533393239313233343B ),
( 'b2qg27bsrarq83ojr0o622lebc', '0', '127.0.0.1', NULL, '0', NULL, '1539292578', 0x5F5F63695F6C6173745F726567656E65726174657C693A313533393239323537383B69735F6C6F677565645F696E7C733A343A2254525545223B7065726D69736F735F69647C733A313A2231223B7374617475737C733A313A2231223B6E6976656C7C733A313A2231223B6170656E6F6D7C733A353A2261646D696E223B7573756172696F7C733A31353A2261646D696E4061646D696E2E636F6D223B ),
( 'bgcrcev5g4f6078ln3df0vdv8g', '0', '127.0.0.1', NULL, '0', NULL, '1539291513', 0x5F5F63695F6C6173745F726567656E65726174657C693A313533393239313531323B ),
( 'bkepl5aejkk535kqc0ko69iql8', '0', '127.0.0.1', NULL, '0', NULL, '1539292501', 0x5F5F63695F6C6173745F726567656E65726174657C693A313533393239323530313B ),
( 'bmno4unnsea15kqv5i89r04ehv', '0', '127.0.0.1', NULL, '0', NULL, '1539293811', 0x5F5F63695F6C6173745F726567656E65726174657C693A313533393239333831313B69735F6C6F677565645F696E7C733A343A2254525545223B7065726D69736F735F69647C733A313A2231223B7374617475737C733A313A2231223B6E6976656C7C733A313A2231223B6170656E6F6D7C733A353A2261646D696E223B7573756172696F7C733A31353A2261646D696E4061646D696E2E636F6D223B ),
( 'bodfgv3bs2cljrd73bc97gfhm3', '0', '127.0.0.1', NULL, '0', NULL, '1539293295', 0x5F5F63695F6C6173745F726567656E65726174657C693A313533393239333239353B69735F6C6F677565645F696E7C733A343A2254525545223B7065726D69736F735F69647C733A313A2231223B7374617475737C733A313A2231223B6E6976656C7C733A313A2231223B6170656E6F6D7C733A353A2261646D696E223B7573756172696F7C733A31353A2261646D696E4061646D696E2E636F6D223B ),
( 'c50lu1skj10j2vfijbndqri85m', '0', '127.0.0.1', NULL, '0', NULL, '1539292519', 0x5F5F63695F6C6173745F726567656E65726174657C693A313533393239323531393B ),
( 'c9bnbl8vq9opg2vl0il86jnc2k', '0', '127.0.0.1', NULL, '0', NULL, '1539291236', 0x5F5F63695F6C6173745F726567656E65726174657C693A313533393239313233363B ),
( 'cc5p42k3dqmh4kakmpcj7b191u', '0', '127.0.0.1', NULL, '0', NULL, '1539289398', 0x5F5F63695F6C6173745F726567656E65726174657C693A313533393238393339383B69735F6C6F677565645F696E7C623A313B7065726D69736F735F69647C733A313A2231223B7374617475737C733A313A2231223B6E6976656C7C733A313A2231223B6170656E6F6D7C733A353A2261646D696E223B7573756172696F7C733A31353A2261646D696E4061646D696E2E636F6D223B ),
( 'ci17lk9fn1bun7hd3or56l8h7a', '0', '127.0.0.1', NULL, '0', NULL, '1539290099', 0x5F5F63695F6C6173745F726567656E65726174657C693A313533393239303039393B ),
( 'clo551oo2ilokrhhbugr1cvofl', '0', '127.0.0.1', NULL, '0', NULL, '1539289398', 0x5F5F63695F6C6173745F726567656E65726174657C693A313533393238393339383B ),
( 'cmai90f0391sij7d3fk1t0ob233tchfp', '0', '127.0.0.1', NULL, '0', NULL, '1538976191', 0x5F5F63695F6C6173745F726567656E65726174657C693A313533383937353634353B757365725F69647C733A313A2234223B757365726E616D657C733A303A22223B6170656E6F6D7C733A33303A22414E54554E455A2056494C4C41534D494C2C20414E47454C20454D49524F223B656D70726573617C733A31323A224D415849494D4147454E4553223B726F6C657C733A373A22636C69656E7465223B7374617475737C733A313A2231223B70657266696C7C733A373A22636C69656E7465223B636564756C617C733A383A223130383634343835223B7573756172696F7C733A303A22223B ),
( 'cpiv1411cdhbl2r69pqulppeh7sp4hm2', '0', '127.0.0.1', NULL, '0', NULL, '1539140094', 0x5F5F63695F6C6173745F726567656E65726174657C693A313533393134303039343B ),
( 'ctdh3qdj59u1k8gr7q2p6mo8eo', '0', '127.0.0.1', NULL, '0', NULL, '1539292114', 0x5F5F63695F6C6173745F726567656E65726174657C693A313533393239323131343B ),
( 'd0q3ft1hvpcrd7gqe1sv10i1jt', '0', '127.0.0.1', NULL, '0', NULL, '1539291640', 0x5F5F63695F6C6173745F726567656E65726174657C693A313533393239313634303B69735F6C6F677565645F696E7C733A343A2254525545223B ),
( 'd7efpq9p0l4uq5df23cquaodk6', '0', '127.0.0.1', NULL, '0', NULL, '1539290113', 0x5F5F63695F6C6173745F726567656E65726174657C693A313533393239303131333B ),
( 'di5067grcg4ja5s7oegcf51i01', '0', '127.0.0.1', NULL, '0', NULL, '1539293382', 0x5F5F63695F6C6173745F726567656E65726174657C693A313533393239333338323B ),
( 'dqhs8ctfnhjpqgifoncchahvr5', '0', '127.0.0.1', NULL, '0', NULL, '1539289696', 0x5F5F63695F6C6173745F726567656E65726174657C693A313533393238393639363B ),
( 'e9qnn8b9ekeeeq8m71tk7hvh4h', '0', '127.0.0.1', NULL, '0', NULL, '1539292572', 0x5F5F63695F6C6173745F726567656E65726174657C693A313533393239323537323B ),
( 'ectih19rtq75ndpj0pnbtcn2r1', '0', '127.0.0.1', NULL, '0', NULL, '1539293811', 0x5F5F63695F6C6173745F726567656E65726174657C693A313533393239333831313B ),
( 'edlvp7n8vb3d11k34jg00qaa7h', '0', '127.0.0.1', NULL, '0', NULL, '1539293806', 0x5F5F63695F6C6173745F726567656E65726174657C693A313533393239333830363B ),
( 'efp5uc7enpqsnkdo7bl8k3i6tjqo6juk', '0', '127.0.0.1', NULL, '0', NULL, '1539152927', 0x5F5F63695F6C6173745F726567656E65726174657C693A313533393134373332353B757365725F69647C733A313A2234223B757365726E616D657C733A303A22223B6170656E6F6D7C733A33303A22414E54554E455A2056494C4C41534D494C2C20414E47454C20454D49524F223B656D70726573617C733A31323A224D415849494D4147454E4553223B726F6C657C733A373A22636C69656E7465223B7374617475737C733A313A2231223B70657266696C7C733A373A22636C69656E7465223B636564756C617C733A383A223130383634343835223B7573756172696F7C733A303A22223B ),
( 'efpf2mlbli0qs7m9cb470ff48l', '0', '127.0.0.1', NULL, '0', NULL, '1539290069', 0x5F5F63695F6C6173745F726567656E65726174657C693A313533393239303036393B6572726F727C733A33383A224C6F73206461746F7320696E74726F64756369646F7320736F6E20696E636F72726563746F73223B5F5F63695F766172737C613A313A7B733A353A226572726F72223B733A333A226E6577223B7D ),
( 'euo1hfeiagjvfhlbaf53r31qdg', '0', '127.0.0.1', NULL, '0', NULL, '1539290191', 0x5F5F63695F6C6173745F726567656E65726174657C693A313533393239303139313B ),
( 'f6na5topgl1h0vkr0lo7hk3eu3', '0', '127.0.0.1', NULL, '0', NULL, '1539289918', 0x5F5F63695F6C6173745F726567656E65726174657C693A313533393238393931383B ),
( 'f94i5ndrrekblbdtdf02cavdrsufntm5', '0', '127.0.0.1', NULL, '0', NULL, '1539147325', 0x5F5F63695F6C6173745F726567656E65726174657C693A313533393134373332353B757365725F69647C733A313A2234223B757365726E616D657C733A303A22223B6170656E6F6D7C733A33303A22414E54554E455A2056494C4C41534D494C2C20414E47454C20454D49524F223B656D70726573617C733A31323A224D415849494D4147454E4553223B726F6C657C733A373A22636C69656E7465223B7374617475737C733A313A2231223B70657266696C7C733A373A22636C69656E7465223B636564756C617C733A383A223130383634343835223B7573756172696F7C733A303A22223B ),
( 'fcdavasi1u51htgsat4ckag8ic', '0', '127.0.0.1', NULL, '0', NULL, '1539293146', 0x5F5F63695F6C6173745F726567656E65726174657C693A313533393239333134363B69735F6C6F677565645F696E7C733A343A2254525545223B7065726D69736F735F69647C733A313A2231223B7374617475737C733A313A2231223B6E6976656C7C733A313A2231223B6170656E6F6D7C733A353A2261646D696E223B7573756172696F7C733A31353A2261646D696E4061646D696E2E636F6D223B ),
( 'fi60enef7ttb7vo22e29vu94bn', '0', '127.0.0.1', NULL, '0', NULL, '1539293296', 0x5F5F63695F6C6173745F726567656E65726174657C693A313533393239333239353B ),
( 'fin6poldosuca9mecct8pb94t8', '0', '127.0.0.1', NULL, '0', NULL, '1539289958', 0x5F5F63695F6C6173745F726567656E65726174657C693A313533393238393935383B ),
( 'fmo18d88md79dvviodf167h6nk', '0', '127.0.0.1', NULL, '0', NULL, '1539289986', 0x5F5F63695F6C6173745F726567656E65726174657C693A313533393238393938353B ),
( 'gti0ptjj89fq7fckos5ncss579', '0', '127.0.0.1', NULL, '0', NULL, '1539287227', 0x5F5F63695F6C6173745F726567656E65726174657C693A313533393238373232373B69735F6C6F677565645F696E7C623A313B7065726D69736F735F69647C733A313A2231223B7374617475737C733A313A2231223B6E6976656C7C733A313A2231223B6170656E6F6D7C733A353A2261646D696E223B7573756172696F7C733A31353A2261646D696E4061646D696E2E636F6D223B ),
( 'h5nu5ouinfqjj9ea5gbn92jt5k', '0', '127.0.0.1', NULL, '0', NULL, '1539287315', 0x5F5F63695F6C6173745F726567656E65726174657C693A313533393238373331353B69735F6C6F677565645F696E7C623A313B7065726D69736F735F69647C733A313A2231223B7374617475737C733A313A2231223B6E6976656C7C733A313A2231223B6170656E6F6D7C733A353A2261646D696E223B7573756172696F7C733A31353A2261646D696E4061646D696E2E636F6D223B ),
( 'hna38cvms96q88aihmi9ep4det', '0', '127.0.0.1', NULL, '0', NULL, '1539289505', 0x5F5F63695F6C6173745F726567656E65726174657C693A313533393238393530353B ),
( 'hq7vgp4qr4mc746jm1m1fr6u5t', '0', '127.0.0.1', NULL, '0', NULL, '1539292518', 0x5F5F63695F6C6173745F726567656E65726174657C693A313533393239323531383B69735F6C6F677565645F696E7C733A343A2254525545223B7065726D69736F735F69647C733A313A2231223B7374617475737C733A313A2231223B6E6976656C7C733A313A2231223B6170656E6F6D7C733A353A2261646D696E223B7573756172696F7C733A31353A2261646D696E4061646D696E2E636F6D223B ),
( 'hqua482p7j3f7mqia5snnuto4a', '0', '127.0.0.1', NULL, '0', NULL, '1539293914', 0x5F5F63695F6C6173745F726567656E65726174657C693A313533393239333931343B ),
( 'i80k9c7ij3usc0kknlh828kfs8', '0', '127.0.0.1', NULL, '0', NULL, '1539293609', 0x5F5F63695F6C6173745F726567656E65726174657C693A313533393239333630393B ),
( 'ig4cac36cc3ht8vq8k3immge4s', '0', '127.0.0.1', NULL, '0', NULL, '1539293291', 0x5F5F63695F6C6173745F726567656E65726174657C693A313533393239333239313B ),
( 'irnd3h87fjmil5k31oooqeodr4', '0', '127.0.0.1', NULL, '0', NULL, '1539293869', 0x5F5F63695F6C6173745F726567656E65726174657C693A313533393239333836393B ),
( 'irqdj3o4e283evn8ndnu0opdqo', '0', '127.0.0.1', NULL, '0', NULL, '1539293710', 0x5F5F63695F6C6173745F726567656E65726174657C693A313533393239333731303B69735F6C6F677565645F696E7C733A343A2254525545223B7065726D69736F735F69647C733A313A2231223B7374617475737C733A313A2231223B6E6976656C7C733A313A2231223B6170656E6F6D7C733A353A2261646D696E223B7573756172696F7C733A31353A2261646D696E4061646D696E2E636F6D223B ),
( 'j70uqcbqu6geg6ufq2df9qd6cg', '0', '127.0.0.1', NULL, '0', NULL, '1539290661', 0x5F5F63695F6C6173745F726567656E65726174657C693A313533393239303636313B69735F6C6F677565645F696E7C4E3B ),
( 'ja75n5as54fejn7ujo7vv82hnb', '0', '127.0.0.1', NULL, '0', NULL, '1539291820', 0x5F5F63695F6C6173745F726567656E65726174657C693A313533393239313832303B ),
( 'jcisublposjhh15pbj7higkvc9', '0', '127.0.0.1', NULL, '0', NULL, '1539290113', 0x5F5F63695F6C6173745F726567656E65726174657C693A313533393239303131323B6572726F727C733A33383A224C6F73206461746F7320696E74726F64756369646F7320736F6E20696E636F72726563746F73223B5F5F63695F766172737C613A313A7B733A353A226572726F72223B733A333A226E6577223B7D ),
( 'jjitr7dc9vck07u025va8fflqq', '0', '127.0.0.1', NULL, '0', NULL, '1539289866', 0x5F5F63695F6C6173745F726567656E65726174657C693A313533393238393836363B ),
( 'jkl0p6dpahl0sn109ehf4e75ns', '0', '127.0.0.1', NULL, '0', NULL, '1539292964', 0x5F5F63695F6C6173745F726567656E65726174657C693A313533393239323936343B ),
( 'jkno5pn5okqa3kgd7n9v0i4d8u', '0', '127.0.0.1', NULL, '0', NULL, '1539293385', 0x5F5F63695F6C6173745F726567656E65726174657C693A313533393239333338353B ),
( 'jta8gp3k7sqjtgac89sln8b1ml', '0', '127.0.0.1', NULL, '0', NULL, '1539292309', 0x5F5F63695F6C6173745F726567656E65726174657C693A313533393239323330393B ),
( 'k4uri2a8992qq3m3g0mq7qsjmh', '0', '127.0.0.1', NULL, '0', NULL, '1539293183', 0x5F5F63695F6C6173745F726567656E65726174657C693A313533393239333138333B ),
( 'kfpf5249eml17ueplosj6asf0q', '0', '127.0.0.1', NULL, '0', NULL, '1539293557', 0x5F5F63695F6C6173745F726567656E65726174657C693A313533393239333535373B ),
( 'khra4tul2rtir53h2b0vbhi0pn', '0', '127.0.0.1', NULL, '0', NULL, '1539292685', 0x5F5F63695F6C6173745F726567656E65726174657C693A313533393239323638353B ),
( 'kibrc8o0935msap75tk2es65vj', '0', '127.0.0.1', NULL, '0', NULL, '1539293894', 0x5F5F63695F6C6173745F726567656E65726174657C693A313533393239333839343B ),
( 'kl6sun1ku7og4od74jsc9aretn', '0', '127.0.0.1', NULL, '0', NULL, '1539289738', 0x5F5F63695F6C6173745F726567656E65726174657C693A313533393238393733383B69735F6C6F677565645F696E7C623A313B7065726D69736F735F69647C733A313A2231223B7374617475737C733A313A2231223B6E6976656C7C733A313A2231223B6170656E6F6D7C733A353A2261646D696E223B7573756172696F7C733A31353A2261646D696E4061646D696E2E636F6D223B ),
( 'kns36rtpimbtv8mdceo1kpc9tl', '0', '127.0.0.1', NULL, '0', NULL, '1539289979', 0x5F5F63695F6C6173745F726567656E65726174657C693A313533393238393937393B ),
( 'l0323fa3tcleblkvrau7qdi5ui', '0', '127.0.0.1', NULL, '0', NULL, '1539290676', 0x5F5F63695F6C6173745F726567656E65726174657C693A313533393239303637363B ),
( 'l07t12j6l2t3tk85nl0i4gvbpb', '0', '127.0.0.1', NULL, '0', NULL, '1539293607', 0x5F5F63695F6C6173745F726567656E65726174657C693A313533393239333630373B ),
( 'l31emmgb1gho85c6dfhf1tgdc1', '0', '127.0.0.1', NULL, '0', NULL, '1539293736', 0x5F5F63695F6C6173745F726567656E65726174657C693A313533393239333733353B69735F6C6F677565645F696E7C733A343A2254525545223B7065726D69736F735F69647C733A313A2231223B7374617475737C733A313A2231223B6E6976656C7C733A313A2231223B6170656E6F6D7C733A353A2261646D696E223B7573756172696F7C733A31353A2261646D696E4061646D696E2E636F6D223B ),
( 'l98jjppiupc4473cr1j4ks85h2', '0', '127.0.0.1', NULL, '0', NULL, '1539293187', 0x5F5F63695F6C6173745F726567656E65726174657C693A313533393239333138373B69735F6C6F677565645F696E7C733A343A2254525545223B7065726D69736F735F69647C733A313A2231223B7374617475737C733A313A2231223B6E6976656C7C733A313A2231223B6170656E6F6D7C733A353A2261646D696E223B7573756172696F7C733A31353A2261646D696E4061646D696E2E636F6D223B ),
( 'lfkicc8j4hjbutphiieqf35di4', '0', '127.0.0.1', NULL, '0', NULL, '1539291239', 0x5F5F63695F6C6173745F726567656E65726174657C693A313533393239313233393B ),
( 'lhrnu18jd5130mg8tdl0vv3s2m', '0', '127.0.0.1', NULL, '0', NULL, '1539293615', 0x5F5F63695F6C6173745F726567656E65726174657C693A313533393239333631353B ),
( 'lij0tkprcjvfm9si0sh1lnfgav', '0', '127.0.0.1', NULL, '0', NULL, '1539289377', 0x5F5F63695F6C6173745F726567656E65726174657C693A313533393238393337373B ),
( 'm4ns5aael2t9tog2d1nt7a56on', '0', '127.0.0.1', NULL, '0', NULL, '1539293613', 0x5F5F63695F6C6173745F726567656E65726174657C693A313533393239333631333B ),
( 'm91avjhvdq5r2vo32m8ugndl6m', '0', '127.0.0.1', NULL, '0', NULL, '1539293553', 0x5F5F63695F6C6173745F726567656E65726174657C693A313533393239333535333B ),
( 'me4tt8d4pdohq5d6pd62e3dbpm', '0', '127.0.0.1', NULL, '0', NULL, '1539289377', 0x5F5F63695F6C6173745F726567656E65726174657C693A313533393238393337373B ),
( 'mina04jqfeguqkoduq4ch0b9eo', '0', '127.0.0.1', NULL, '0', NULL, '1539289702', 0x5F5F63695F6C6173745F726567656E65726174657C693A313533393238393730323B69735F6C6F677565645F696E7C623A313B7065726D69736F735F69647C733A313A2231223B7374617475737C733A313A2231223B6E6976656C7C733A313A2231223B6170656E6F6D7C733A353A2261646D696E223B7573756172696F7C733A31353A2261646D696E4061646D696E2E636F6D223B ),
( 'mmhi7de804ej0fsdtcl8elklr3', '0', '127.0.0.1', NULL, '0', NULL, '1539290063', 0x5F5F63695F6C6173745F726567656E65726174657C693A313533393239303036333B6572726F727C733A33383A224C6F73206461746F7320696E74726F64756369646F7320736F6E20696E636F72726563746F73223B5F5F63695F766172737C613A313A7B733A353A226572726F72223B733A333A226E6577223B7D ),
( 'n1um1trg1lfsvsfn44suauqoce', '0', '127.0.0.1', NULL, '0', NULL, '1539291909', 0x5F5F63695F6C6173745F726567656E65726174657C693A313533393239313930393B ),
( 'n6ijdde2eqk2p06d25l03h5f0r', '0', '127.0.0.1', NULL, '0', NULL, '1539290344', 0x5F5F63695F6C6173745F726567656E65726174657C693A313533393239303334343B ),
( 'n8l0ual7rog7hbjv7q15k6mi4u', '0', '127.0.0.1', NULL, '0', NULL, '1539293635', 0x5F5F63695F6C6173745F726567656E65726174657C693A313533393239333633353B ),
( 'nbot1g36t8l46atsom3ro329ro', '0', '127.0.0.1', NULL, '0', NULL, '1539289511', 0x5F5F63695F6C6173745F726567656E65726174657C693A313533393238393531313B ),
( 'nfit8u1u50tolofbbq0p99e72f', '0', '127.0.0.1', NULL, '0', NULL, '1539293388', 0x5F5F63695F6C6173745F726567656E65726174657C693A313533393239333338383B ),
( 'nfpkkf3ufdobbnfdlndscac2qf', '0', '127.0.0.1', NULL, '0', NULL, '1539289415', 0x5F5F63695F6C6173745F726567656E65726174657C693A313533393238393431353B69735F6C6F677565645F696E7C623A313B7065726D69736F735F69647C733A313A2231223B7374617475737C733A313A2231223B6E6976656C7C733A313A2231223B6170656E6F6D7C733A353A2261646D696E223B7573756172696F7C733A31353A2261646D696E4061646D696E2E636F6D223B ),
( 'nnjj1d1uto55550kugq0kftpcq', '0', '127.0.0.1', NULL, '0', NULL, '1539287790', 0x5F5F63695F6C6173745F726567656E65726174657C693A313533393238373739303B ),
( 'nvl1rkmd0r516bremksusble7c', '0', '127.0.0.1', NULL, '0', NULL, '1539290070', 0x5F5F63695F6C6173745F726567656E65726174657C693A313533393239303037303B ),
( 'oapvj1va5vs39iu89lg2km8vqf', '0', '127.0.0.1', NULL, '0', NULL, '1539289506', 0x5F5F63695F6C6173745F726567656E65726174657C693A313533393238393530363B ),
( 'ofr9er93n98jjttbuil4lfsdep', '0', '127.0.0.1', NULL, '0', NULL, '1539292578', 0x5F5F63695F6C6173745F726567656E65726174657C693A313533393239323537383B ),
( 'ohi6k7nhujnfhq6r40n37264vb', '0', '127.0.0.1', NULL, '0', NULL, '1539289706', 0x5F5F63695F6C6173745F726567656E65726174657C693A313533393238393730363B69735F6C6F677565645F696E7C623A313B7065726D69736F735F69647C733A313A2231223B7374617475737C733A313A2231223B6E6976656C7C733A313A2231223B6170656E6F6D7C733A353A2261646D696E223B7573756172696F7C733A31353A2261646D696E4061646D696E2E636F6D223B ),
( 'okffaku9rr5baue42sm57peknj', '0', '127.0.0.1', NULL, '0', NULL, '1539293621', 0x5F5F63695F6C6173745F726567656E65726174657C693A313533393239333632313B ),
( 'oq2s00eq8t07c35c8j0t027ftm', '0', '127.0.0.1', NULL, '0', NULL, '1539293551', 0x5F5F63695F6C6173745F726567656E65726174657C693A313533393239333535313B ),
( 'oqbgdddq25k9vq3lvt239nvmqh', '0', '127.0.0.1', NULL, '0', NULL, '1539293704', 0x5F5F63695F6C6173745F726567656E65726174657C693A313533393239333730343B ),
( 'p6ddm2qjr03jfdj28tqtbhu0ph', '0', '127.0.0.1', NULL, '0', NULL, '1539291512', 0x5F5F63695F6C6173745F726567656E65726174657C693A313533393239313531323B69735F6C6F677565645F696E7C733A343A2254525545223B7065726D69736F735F69647C733A313A2231223B7374617475737C733A313A2231223B6E6976656C7C733A313A2231223B6170656E6F6D7C733A353A2261646D696E223B7573756172696F7C733A31353A2261646D696E4061646D696E2E636F6D223B ),
( 'pli8pea8egrnt4pjag6rphdq32', '0', '127.0.0.1', NULL, '0', NULL, '1539292689', 0x5F5F63695F6C6173745F726567656E65726174657C693A313533393239323638393B ),
( 'pnj4i4fnej2o3r1mpu8m967bvv', '0', '127.0.0.1', NULL, '0', NULL, '1539291509', 0x5F5F63695F6C6173745F726567656E65726174657C693A313533393239313530393B ),
( 'pu5obl8uq6eui72uml1e8m7l0a', '0', '127.0.0.1', NULL, '0', NULL, '1539287806', 0x5F5F63695F6C6173745F726567656E65726174657C693A313533393238373830363B69735F6C6F677565645F696E7C623A313B7065726D69736F735F69647C733A313A2231223B7374617475737C733A313A2231223B6E6976656C7C733A313A2231223B6170656E6F6D7C733A353A2261646D696E223B7573756172696F7C733A31353A2261646D696E4061646D696E2E636F6D223B ),
( 'q050ca94rcn12cod2elg526f3b', '0', '127.0.0.1', NULL, '0', NULL, '1539287238', 0x5F5F63695F6C6173745F726567656E65726174657C693A313533393238373233383B ),
( 'q457jvbn2ativ7sec1r24m1l2e', '0', '127.0.0.1', NULL, '0', NULL, '1539287807', 0x5F5F63695F6C6173745F726567656E65726174657C693A313533393238373830363B ),
( 'q7qhrpdat7m1vl6eu70r6791aa', '0', '127.0.0.1', NULL, '0', NULL, '1539292960', 0x5F5F63695F6C6173745F726567656E65726174657C693A313533393239323936303B ),
( 'qci7nasm631muunuli99i0rb2i3292e8', '0', '127.0.0.1', NULL, '0', NULL, '1571299634', 0x5F5F63695F6C6173745F726567656E65726174657C693A313537313239383734343B69735F6C6F677565645F696E7C733A343A2254525545223B7065726D69736F735F69647C733A313A2231223B7374617475737C733A313A2231223B6E6976656C7C733A313A2231223B6170656E6F6D7C733A353A2261646D696E223B7573756172696F7C733A31353A2261646D696E4061646D696E2E636F6D223B ),
( 'qjvg1tatpnti7j04ersr0kcp9l', '0', '127.0.0.1', NULL, '0', NULL, '1539289702', 0x5F5F63695F6C6173745F726567656E65726174657C693A313533393238393730323B ),
( 'qnl41ofj9a0nu70d9euqh7kkrb', '0', '127.0.0.1', NULL, '0', NULL, '1539292963', 0x5F5F63695F6C6173745F726567656E65726174657C693A313533393239323936333B69735F6C6F677565645F696E7C733A343A2254525545223B7065726D69736F735F69647C733A313A2231223B7374617475737C733A313A2231223B6E6976656C7C733A313A2231223B6170656E6F6D7C733A353A2261646D696E223B7573756172696F7C733A31353A2261646D696E4061646D696E2E636F6D223B737563636573737C733A31303A224269656E76656E69646F223B5F5F63695F766172737C613A313A7B733A373A2273756363657373223B733A333A226E6577223B7D ),
( 'qpqhcpc2co8t2inhi97bv6vmrl', '0', '127.0.0.1', NULL, '0', NULL, '1539289390', 0x5F5F63695F6C6173745F726567656E65726174657C693A313533393238393339303B6572726F727C733A33383A224C6F73206461746F7320696E74726F64756369646F7320736F6E20696E636F72726563746F73223B5F5F63695F766172737C613A313A7B733A353A226572726F72223B733A333A226E6577223B7D ),
( 'qrterj05cbhr53p7ijosj3b8pm', '0', '127.0.0.1', NULL, '0', NULL, '1539292500', 0x5F5F63695F6C6173745F726567656E65726174657C693A313533393239323530303B69735F6C6F677565645F696E7C733A343A2254525545223B7065726D69736F735F69647C733A313A2231223B7374617475737C733A313A2231223B6E6976656C7C733A313A2231223B6170656E6F6D7C733A353A2261646D696E223B7573756172696F7C733A31353A2261646D696E4061646D696E2E636F6D223B ),
( 'qssjeqfieo8upqvggr2fsnab8t', '0', '127.0.0.1', NULL, '0', NULL, '1539289559', 0x5F5F63695F6C6173745F726567656E65726174657C693A313533393238393535393B ),
( 'qtnop65q24sthfhgefaocim8ns', '0', '127.0.0.1', NULL, '0', NULL, '1539289367', 0x5F5F63695F6C6173745F726567656E65726174657C693A313533393238393336373B ),
( 'rm5iu8i99t84pj5lrf9s5rloa4', '0', '127.0.0.1', NULL, '0', NULL, '1539289924', 0x5F5F63695F6C6173745F726567656E65726174657C693A313533393238393932343B ),
( 'ropbvoh9sm2ei77aeet1jqcit4', '0', '127.0.0.1', NULL, '0', NULL, '1539290380', 0x5F5F63695F6C6173745F726567656E65726174657C693A313533393239303338303B ),
( 'rpg35lu0bpvi63jn3s675jni0e', '0', '127.0.0.1', NULL, '0', NULL, '1539290637', 0x5F5F63695F6C6173745F726567656E65726174657C693A313533393239303633373B69735F6C6F677565645F696E7C4E3B ),
( 's2rpsnd7kcr0dd8pilo4sii9e9', '0', '127.0.0.1', NULL, '0', NULL, '1539291456', 0x5F5F63695F6C6173745F726567656E65726174657C693A313533393239313435363B ),
( 's5qb9ukba0d1kse10lgns67ktf', '0', '127.0.0.1', NULL, '0', NULL, '1539291811', 0x5F5F63695F6C6173745F726567656E65726174657C693A313533393239313831313B ),
( 'sa9hhv6d8k6eclddo4o7c9rrm5', '0', '127.0.0.1', NULL, '0', NULL, '1539287220', 0x5F5F63695F6C6173745F726567656E65726174657C693A313533393238373232303B ),
( 'scss6hetl98skud612rrv2i1qr', '0', '127.0.0.1', NULL, '0', NULL, '1539287228', 0x5F5F63695F6C6173745F726567656E65726174657C693A313533393238373232383B ),
( 'sjkpafmtubpl0081v753v50gg6', '0', '127.0.0.1', NULL, '0', NULL, '1539291339', 0x5F5F63695F6C6173745F726567656E65726174657C693A313533393239313333393B ),
( 'sofsf4tog5thu3ghgv275aaphp', '0', '127.0.0.1', NULL, '0', NULL, '1539290185', 0x5F5F63695F6C6173745F726567656E65726174657C693A313533393239303138353B ),
( 'sq38tqutvppraa9rnth50m95he', '0', '127.0.0.1', NULL, '0', NULL, '1539289411', 0x5F5F63695F6C6173745F726567656E65726174657C693A313533393238393431313B ),
( 'sqibmblgamh8db169aegkf4tgc', '0', '127.0.0.1', NULL, '0', NULL, '1539292575', 0x5F5F63695F6C6173745F726567656E65726174657C693A313533393239323537353B ),
( 't1tjmdlqav60a6n3balhhm883v', '0', '127.0.0.1', NULL, '0', NULL, '1539287237', 0x5F5F63695F6C6173745F726567656E65726174657C693A313533393238373233373B6572726F727C733A33383A224C6F73206461746F7320696E74726F64756369646F7320736F6E20696E636F72726563746F73223B5F5F63695F766172737C613A313A7B733A353A226572726F72223B733A333A226E6577223B7D ),
( 'tgsheh0th6lde4jeeo42oshfm5', '0', '127.0.0.1', NULL, '0', NULL, '1539292123', 0x5F5F63695F6C6173745F726567656E65726174657C693A313533393239323132333B69735F6C6F677565645F696E7C733A343A2254525545223B7065726D69736F735F69647C733A313A2231223B7374617475737C733A313A2231223B6E6976656C7C733A313A2231223B6170656E6F6D7C733A353A2261646D696E223B7573756172696F7C733A31353A2261646D696E4061646D696E2E636F6D223B ),
( 'tkjk0eeekuji4u5pbbof1cuvij', '0', '127.0.0.1', NULL, '0', NULL, '1539290348', 0x5F5F63695F6C6173745F726567656E65726174657C693A313533393239303334383B ),
( 'tl0m2t4hkaihhudjs36h0qofc5', '0', '127.0.0.1', NULL, '0', NULL, '1539293388', 0x5F5F63695F6C6173745F726567656E65726174657C693A313533393239333338383B69735F6C6F677565645F696E7C733A343A2254525545223B7065726D69736F735F69647C733A313A2231223B7374617475737C733A313A2231223B6E6976656C7C733A313A2231223B6170656E6F6D7C733A353A2261646D696E223B7573756172696F7C733A31353A2261646D696E4061646D696E2E636F6D223B ),
( 'tt7uv243a1nlnd9jnsuuhta5un', '0', '127.0.0.1', NULL, '0', NULL, '1539293289', 0x5F5F63695F6C6173745F726567656E65726174657C693A313533393239333238393B ),
( 'u7pgdcdv90gbme6b855oefkjtb', '0', '127.0.0.1', NULL, '0', NULL, '1539292307', 0x5F5F63695F6C6173745F726567656E65726174657C693A313533393239323330373B ),
( 'uh4j99ki2oi94gh3ppjcnocgfu', '0', '127.0.0.1', NULL, '0', NULL, '1539289510', 0x5F5F63695F6C6173745F726567656E65726174657C693A313533393238393531303B ),
( 'ukkv504ka89p2sdm6gn9q7n9kd', '0', '127.0.0.1', NULL, '0', NULL, '1539293547', 0x5F5F63695F6C6173745F726567656E65726174657C693A313533393239333534373B ),
( 'umumu4p5av5jcsb3ftftudlekh', '0', '127.0.0.1', NULL, '0', NULL, '1539289702', 0x5F5F63695F6C6173745F726567656E65726174657C693A313533393238393730323B ),
( 'vbra4ulp1kud968c6e234lg0m9', '0', '127.0.0.1', NULL, '0', NULL, '1539289738', 0x5F5F63695F6C6173745F726567656E65726174657C693A313533393238393733383B ),
( 'vcq2jd1nb52o06ddvgfhvf1b1t', '0', '127.0.0.1', NULL, '0', NULL, '1539287315', 0x5F5F63695F6C6173745F726567656E65726174657C693A313533393238373331353B ),
( 'vfhoh47jrqmnht3eup45bg230lb4d5k3', '0', '127.0.0.1', NULL, '0', NULL, '1538974519', 0x5F5F63695F6C6173745F726567656E65726174657C693A313533383936373538353B757365725F69647C733A313A2234223B757365726E616D657C733A303A22223B6170656E6F6D7C733A33303A22414E54554E455A2056494C4C41534D494C2C20414E47454C20454D49524F223B656D70726573617C733A31323A224D415849494D4147454E4553223B726F6C657C733A373A22636C69656E7465223B7374617475737C733A313A2231223B70657266696C7C733A373A22636C69656E7465223B636564756C617C733A383A223130383634343835223B7573756172696F7C733A303A22223B6D6573736167657C733A303A22223B5F5F63695F766172737C613A313A7B733A373A226D657373616765223B733A333A226E6577223B7D ),
( 'vipbkqp2gofohcgoobc7o84rig', '0', '127.0.0.1', NULL, '0', NULL, '1539289510', 0x5F5F63695F6C6173745F726567656E65726174657C693A313533393238393531303B69735F6C6F677565645F696E7C623A313B7065726D69736F735F69647C733A313A2231223B7374617475737C733A313A2231223B6E6976656C7C733A313A2231223B6170656E6F6D7C733A353A2261646D696E223B7573756172696F7C733A31353A2261646D696E4061646D696E2E636F6D223B ),
( 'vui2grvknrso5a64kaen0gp9l9', '0', '127.0.0.1', NULL, '0', NULL, '1539291637', 0x5F5F63695F6C6173745F726567656E65726174657C693A313533393239313633373B );
-- ---------------------------------------------------------


-- Dump data of "clientes" ---------------------------------
REPLACE INTO `clientes`(`idClientes`,`nomCliente`,`documento`,`telefono`,`celular`,`email`,`direccion`,`calle`,`numero`,`barrio`,`ciudad`,`estado`,`fechacli`,`cep`) VALUES 
( '2', 'Angel Antunez', '9999999', '0414987838', '2342 342-34-23', 'admin@admin.com', NULL, '12', '23', 'el barrio', 'la ciudad', 'pais', '2016-07-24', NULL ),
( '3', 'Angel Antunez', '8888888', '04149878776', '2342 342-34-23', 'gmail@gmail.com', NULL, '13', '23', 'el barrio', 'la ciudad', 'pais', '2016-07-24', NULL ),
( '4', 'Moises Antunez', '7777777', '324523452345', '1231 231-23-12', 'gmail@gmail.com', NULL, '14', '22', 'el barrio', 'la ciudad', 'pais', '2016-07-24', NULL ),
( '5', 'Montserrat', '5555555', '0414987254', '1232 342-34-23', 'gmail@gmail.com', NULL, '12', '23', 'el barrio', 'la ciudad', 'pais', '2016-07-24', NULL ),
( '6', 'Otro Cliente', '1203891', '0414982732', '1232 342-34-23', 'gmail@gmail.com', NULL, '15', '21', 'el barrio', 'la ciudad', 'pais', '2016-07-25', NULL );
-- ---------------------------------------------------------


-- Dump data of "compras" ----------------------------------
REPLACE INTO `compras`(`idCompras`,`fechaCompra`,`valorTotal`,`descuento`,`nrofactcompra`,`proveedor_id`,`usuarios_id`,`nrotemp_id`) VALUES 
( '2', '2016-08-11', '1000000', '0', '872836', '4', '0', '13' ),
( '3', '2016-08-11', '1000000', '0', '872836', '4', '0', '13' ),
( '4', '2016-08-11', '720000', '0', '9897323894', '7', '0', '18' ),
( '5', '2016-08-11', '40000', '0', 'SDL987922', '3', '0', '19' ),
( '6', '2016-09-26', '5000', '0', '123123', '4', '0', '22' );
-- ---------------------------------------------------------


-- Dump data of "compras_det" ------------------------------
REPLACE INTO `compras_det`(`idFactcomp`,`nrotemp`,`nrofactcompra`,`codprod`,`cant`,`unidad`,`precioVent`,`precioComp`,`fecha`) VALUES 
( '2', '12', '123456', 'CAM10CBM', '1', 'DOCENA', '4800', '3200.00', '2016-08-11' ),
( '3', '12', '123456', 'CAM10CBS', '100', 'UNIDAD', '5000', '3500.00', '2016-08-11' ),
( '4', '12', '123456', 'CAM10CBS', '200', 'UNIDAD', '5000', '3500.00', '2016-08-11' ),
( '5', '13', '872836', 'CHE10HBL', '200', 'LOTE', '7000', '5000.00', '2016-08-11' ),
( '7', '18', '9897323894', 'CAM10CBM', '100', 'DOCENA', '4800', '3200.00', '2016-08-11' ),
( '8', '18', '9897323894', 'CHE10HBM', '100', 'UNIDAD', '5000', '4000.00', '2016-08-11' ),
( '9', '19', 'SDL987922', 'CHE10HBM', '10', 'UNIDAD', '5000', '4000.00', '2016-08-11' ),
( '10', '22', '123123', 'CHE10HBL', '1', 'LOTE', '7000', '5000.00', '2016-09-26' );
-- ---------------------------------------------------------


-- Dump data of "empresa" ----------------------------------
REPLACE INTO `empresa`(`id`,`nombrempresa`,`rif`,`ramo`,`iva`,`direccion`,`numero`,`sector`,`ciudad`,`telefonoemp`,`email`,`url_logo`,`nrotemp`,`nrofact`) VALUES 
( '1', 'VEAR UNIFORMES', 'J-2349293-9', 'fabricacion de textiles', '12', 'calle principal', '23', 'Los haticos', 'Maracaibo', '5555 555 55 55', 'gmail@gmail.com', 'http://factutextil.local/assets/uploads/logo.png', '24', '14' );
-- ---------------------------------------------------------


-- Dump data of "facturacion" ------------------------------
-- ---------------------------------------------------------


-- Dump data of "os" ---------------------------------------
-- ---------------------------------------------------------


-- Dump data of "permisos" ---------------------------------
REPLACE INTO `permisos`(`idPermiso`,`nombperm`,`permisos`,`status`,`fecha`) VALUES 
( '1', 'Administrador', 'a:38:{s:8:"aCliente";s:1:"1";s:8:"eCliente";s:1:"1";s:8:"dCliente";s:1:"1";s:8:"vCliente";s:1:"1";s:8:"aProduto";s:1:"1";s:8:"eProduto";s:1:"1";s:8:"dProduto";s:1:"1";s:8:"vProduto";s:1:"1";s:8:"aServico";s:1:"1";s:8:"eServico";s:1:"1";s:8:"dServico";s:1:"1";s:8:"vServico";s:1:"1";s:3:"aOs";s:1:"1";s:3:"eOs";s:1:"1";s:3:"dOs";s:1:"1";s:3:"vOs";s:1:"1";s:6:"aVenda";s:1:"1";s:6:"eVenda";s:1:"1";s:6:"dVenda";s:1:"1";s:6:"vVenda";s:1:"1";s:8:"aArquivo";s:1:"1";s:8:"eArquivo";s:1:"1";s:8:"dArquivo";s:1:"1";s:8:"vArquivo";s:1:"1";s:11:"aLancamento";s:1:"1";s:11:"eLancamento";s:1:"1";s:11:"dLancamento";s:1:"1";s:11:"vLancamento";s:1:"1";s:8:"cUsuario";s:1:"1";s:9:"cEmitente";s:1:"1";s:10:"cPermissao";s:1:"1";s:7:"cBackup";s:1:"1";s:8:"rCliente";s:1:"1";s:8:"rProduto";s:1:"1";s:8:"rServico";s:1:"1";s:3:"rOs";s:1:"1";s:6:"rVenda";s:1:"1";s:11:"rFinanceiro";s:1:"1";}', '1', '2014-09-03' );
-- ---------------------------------------------------------


-- Dump data of "productos" --------------------------------
REPLACE INTO `productos`(`idProductos`,`codprod`,`descriProd`,`unidad`,`categoria`,`estilo`,`tipo`,`talla`,`color`,`caractprod`,`precioCompra`,`precioVenta`,`precioVentaMay`,`existencia`,`existMinimo`) VALUES 
( '3', 'CAM10CBL', 'CAMISA CON CUELLO BEIGE TALLA L', 'DOCENA', 'ESCOLAR', 'CHEMISE', 'COMBO', 'S', 'BLANCO', 'CAMISA HECHA EN DACKRON', '2500.00', '4200.00', '3200.00', '99', '1' ),
( '5', 'CAM10CBM', 'CAMISA CON CUELLO BEIGE TALLA M', 'DOCENA', 'ESCOLAR', 'CHEMISE', 'COMBO', 'S', 'BLANCO', 'CAMISA HECHA EN DACKRON', '3200.00', '4800.00', '3200.00', '202', '1' ),
( '6', 'CAM10CBS', 'CAMISA CON CUELLO BEIGE TALLA S', 'UNIDAD', 'ESCOLAR', 'CAMISA', 'INDIVIDUAL', 'S', 'BEIGE', 'CAMISA HECHA CON DRACKON', '3500.00', '5000.00', '5700.00', '500', '1' ),
( '7', 'CHE10HBS', 'CHEMISE BEIGE TALLA S', 'UNIDAD', 'ESCOLAR', 'CHEMISE', 'INDIVIDUAL', 'S', 'BEIGE', 'CAMISA TIPO CHEMISE HECHO EN POPELINA 2.20 58-60', '3000.00', '4000.00', '3800.00', '200', '1' ),
( '8', 'CHE10HBM', 'CHEMISE BEIGE TALLA M', 'UNIDAD', 'ESCOLAR', 'CHEMISE', 'INDIVIDUAL', 'M', 'BEIGE', 'ASKDJFASDKLFJN', '4000.00', '5000.00', '4800.00', '400', '1' ),
( '9', 'CHE10HBL', 'CHEMISE BEIGE TALLA L', 'LOTE', 'EJECUTIVA', 'LINO', 'COMBO', 'S', 'BLANCO', 'PRUEBA', '5000.00', '7000.00', '5000.00', '2', '10' ),
( '11', 'CHE20HAS', 'CHEMISE AZUL TALLA S', 'UNIDAD', 'ESCOLAR', 'CHEMISE', 'INDIVIDUAL', 'S', 'AZUL', 'PARA 1ERO A 3ER AÑO', '2300.00', '3400.00', '5000.00', '3900', '1' );
-- ---------------------------------------------------------


-- Dump data of "productos_os" -----------------------------
-- ---------------------------------------------------------


-- Dump data of "proveedores" ------------------------------
REPLACE INTO `proveedores`(`idProv`,`nomProv`,`documento`,`telefono`,`celular`,`email`,`direccion`,`calle`,`numero`,`barrio`,`ciudad`,`estado`,`fechaprov`,`cep`) VALUES 
( '2', 'Telares Mijares', '9999999', '0414987838', '2342 342-34-23', 'admin@admin.com', NULL, '12', '23', 'la victoria', 'Maracaibo', 'zulia', '2016-07-24', NULL ),
( '3', 'Telares Virgen del Valle', '8888888', '04149878776', '2342 342-34-23', 'gmail@gmail.com', NULL, '13', '23', 'la victoria', 'Maracaibo', 'zulia', '2016-07-24', NULL ),
( '4', 'Telares Maracaibo', '7777777', '324523452345', '1231 231-23-12', 'gmail@gmail.com', NULL, '14', '22', 'la victoria', 'Maracaibo', 'zulia', '2016-07-24', NULL ),
( '5', 'Uniformes Escolares', '5555555', '0414987254', '1232 342-34-23', 'gmail@gmail.com', NULL, '12', '23', 'la victoria', 'Maracaibo', 'zulia', '2016-07-24', NULL );
-- ---------------------------------------------------------


-- Dump data of "usuarios" ---------------------------------
REPLACE INTO `usuarios`(`idUsuarios`,`nombre`,`apellido`,`cedula`,`calle`,`numero`,`barrio`,`ciudad`,`estado`,`email`,`clave`,`telefono`,`celular`,`status`,`fechaIngreso`,`nivel`,`ultsession`,`permisos_id`) VALUES 
( '1', 'admin', 'MG-25.502.560', '600.021.520-87', 'Rua Acima', '12', 'Alvorada', 'Teste', 'MG', 'admin@admin.com', 'd033e22ae348aeb5660fc2140aec35850c4da997', '0000-0000', '', '1', '2013-11-22', '1', '1571300169', '1' );
-- ---------------------------------------------------------


-- Dump data of "ventas" -----------------------------------
REPLACE INTO `ventas`(`idVentas`,`fechaVenta`,`valorTotal`,`descuento`,`facturado`,`clientes_id`,`usuarios_id`,`nrotemp_id`) VALUES 
( '1', '2016-08-05', '118000', '0', '1', '4', '1', '1' ),
( '2', '2016-08-05', '310000', '0', '1', '5', '1', '2' ),
( '3', '2016-08-05', '306000', '0', '1', '2', '1', '3' ),
( '4', '2016-08-05', '470000', '0', '1', '6', '1', '4' ),
( '5', '2016-08-05', '396000', '0', '1', '6', '1', '5' ),
( '6', '2016-08-05', '84000', '0', '1', '6', '1', '6' ),
( '7', '2016-08-05', '780000', '0', '1', '7', '1', '7' ),
( '8', '2016-08-05', '1160000', '0', '1', '7', '1', '8' ),
( '9', '2016-08-05', '445000', '0', '1', '6', '1', '9' ),
( '10', '2016-08-11', '1315800', '0', '1', '4', '1', '10' ),
( '11', '2016-08-11', '1840000', '0', '1', '7', '1', '11' ),
( '12', '2016-08-12', '1400000', '0', '1', '6', '1', '20' ),
( '13', '2016-09-18', '344200', '0', '1', '5', '1', '21' );
-- ---------------------------------------------------------


-- Dump data of "ventas_det" -------------------------------
REPLACE INTO `ventas_det`(`idFacturas`,`nrotemp`,`nrofactura`,`codprod`,`cant`,`unidad`,`precio`,`fecha`) VALUES 
( '1', '1', '1', 'CHE20HAS', '10', 'UNIDAD', '3400.00', '2016-08-05' ),
( '2', '1', '1', 'CAM10CBL', '20', 'DOCENA', '4200.00', '2016-08-05' ),
( '3', '2', '3', 'CHE10HBL', '20', 'LOTE', '5000.00', '2016-08-05' ),
( '4', '2', '3', 'CAM10CBM', '50', 'DOCENA', '4200.00', '2016-08-05' ),
( '5', '3', '4', 'CAM10CBL', '50', 'DOCENA', '4200.00', '2016-08-05' ),
( '6', '3', '4', 'CAM10CBS', '20', 'UNIDAD', '4800.00', '2016-08-05' ),
( '7', '4', '5', 'CAM10CBS', '50', 'UNIDAD', '4800.00', '2016-08-05' ),
( '8', '4', '5', 'CHE10HBM', '30', 'UNIDAD', '5000.00', '2016-08-05' ),
( '9', '4', '5', 'CHE10HBS', '20', 'UNIDAD', '4000.00', '2016-08-05' ),
( '10', '5', '6', 'CAM10CBM', '50', 'DOCENA', '4200.00', '2016-08-05' ),
( '11', '5', '6', 'CAM10CBL', '10', 'DOCENA', '4200.00', '2016-08-05' ),
( '12', '5', '6', 'CAM10CBS', '30', 'UNIDAD', '4800.00', '2016-08-05' ),
( '13', '6', '7', 'CAM10CBL', '20', 'DOCENA', '4200.00', '2016-08-05' ),
( '14', '7', '8', 'CHE20HAS', '200', 'UNIDAD', '3400.00', '2016-08-05' ),
( '15', '7', '8', 'CHE10HBL', '10', 'LOTE', '5000.00', '2016-08-05' ),
( '16', '7', '8', 'CHE10HBM', '10', 'UNIDAD', '5000.00', '2016-08-05' ),
( '17', '8', '9', 'CHE20HAS', '200', 'UNIDAD', '3400.00', '2016-08-05' ),
( '18', '8', '9', 'CAM10CBS', '100', 'UNIDAD', '4800.00', '2016-08-05' ),
( '19', '9', '10', 'CHE10HBL', '89', 'LOTE', '5000.00', '2016-08-05' ),
( '23', '10', '11', 'CAM10CBL', '100', 'DOCENA', '4200.00', '2016-08-11' ),
( '24', '10', '11', 'CAM10CBM', '99', 'DOCENA', '4200.00', '2016-08-11' ),
( '25', '10', '11', 'CAM10CBS', '100', 'UNIDAD', '4800.00', '2016-08-11' ),
( '26', '11', '12', 'CHE20HAS', '400', 'UNIDAD', '3400.00', '2016-08-11' ),
( '27', '11', '12', 'CAM10CBS', '100', 'UNIDAD', '4800.00', '2016-08-11' ),
( '28', '20', '13', 'CHE10HBL', '200', 'LOTE', '7000.00', '2016-08-12' ),
( '29', '21', '14', 'CAM10CBL', '1', 'DOCENA', '4200.00', '2016-09-08' ),
( '30', '21', '14', 'CHE20HAS', '100', 'UNIDAD', '3400.00', '2016-09-18' );
-- ---------------------------------------------------------


-- CREATE INDEX "ci_sessions_timestamp" ------------------------
CREATE INDEX `ci_sessions_timestamp` USING BTREE ON `ci_sessions`( `timestamp` );
-- -------------------------------------------------------------


-- CREATE INDEX "fk_lancamentos_clientes1" ---------------------
CREATE INDEX `fk_lancamentos_clientes1` USING BTREE ON `facturacion`( `clientes_id` );
-- -------------------------------------------------------------


-- CREATE INDEX "fk_os_clientes1" ------------------------------
CREATE INDEX `fk_os_clientes1` USING BTREE ON `os`( `clientes_id` );
-- -------------------------------------------------------------


-- CREATE INDEX "fk_os_lancamentos1" ---------------------------
CREATE INDEX `fk_os_lancamentos1` USING BTREE ON `os`( `facturacion` );
-- -------------------------------------------------------------


-- CREATE INDEX "fk_os_usuarios1" ------------------------------
CREATE INDEX `fk_os_usuarios1` USING BTREE ON `os`( `usuarios_id` );
-- -------------------------------------------------------------


-- CREATE INDEX "fk_produtos_os_os1" ---------------------------
CREATE INDEX `fk_produtos_os_os1` USING BTREE ON `productos_os`( `os_id` );
-- -------------------------------------------------------------


-- CREATE INDEX "fk_produtos_os_produtos1" ---------------------
CREATE INDEX `fk_produtos_os_produtos1` USING BTREE ON `productos_os`( `productos_id` );
-- -------------------------------------------------------------


-- CREATE INDEX "fk_usuarios_permissoes1_idx" ------------------
CREATE INDEX `fk_usuarios_permissoes1_idx` USING BTREE ON `usuarios`( `permisos_id` );
-- -------------------------------------------------------------


-- CREATE LINK "fk_lancamentos_clientes1" ----------------------
ALTER TABLE `facturacion`
	ADD CONSTRAINT `fk_lancamentos_clientes1` FOREIGN KEY ( `clientes_id` )
	REFERENCES `clientes`( `idClientes` )
	ON DELETE No Action
	ON UPDATE No Action;
-- -------------------------------------------------------------


-- CREATE LINK "fk_os_clientes1" -------------------------------
ALTER TABLE `os`
	ADD CONSTRAINT `fk_os_clientes1` FOREIGN KEY ( `clientes_id` )
	REFERENCES `clientes`( `idClientes` )
	ON DELETE No Action
	ON UPDATE No Action;
-- -------------------------------------------------------------


-- CREATE LINK "fk_os_lancamentos1" ----------------------------
ALTER TABLE `os`
	ADD CONSTRAINT `fk_os_lancamentos1` FOREIGN KEY ( `facturacion` )
	REFERENCES `facturacion`( `idfac` )
	ON DELETE No Action
	ON UPDATE No Action;
-- -------------------------------------------------------------


-- CREATE LINK "fk_os_usuarios1" -------------------------------
ALTER TABLE `os`
	ADD CONSTRAINT `fk_os_usuarios1` FOREIGN KEY ( `usuarios_id` )
	REFERENCES `usuarios`( `idUsuarios` )
	ON DELETE No Action
	ON UPDATE No Action;
-- -------------------------------------------------------------


-- CREATE LINK "fk_produtos_os_os1" ----------------------------
ALTER TABLE `productos_os`
	ADD CONSTRAINT `fk_produtos_os_os1` FOREIGN KEY ( `os_id` )
	REFERENCES `os`( `idOs` )
	ON DELETE No Action
	ON UPDATE No Action;
-- -------------------------------------------------------------


-- CREATE LINK "fk_produtos_os_produtos1" ----------------------
ALTER TABLE `productos_os`
	ADD CONSTRAINT `fk_produtos_os_produtos1` FOREIGN KEY ( `productos_id` )
	REFERENCES `productos`( `idProductos` )
	ON DELETE No Action
	ON UPDATE No Action;
-- -------------------------------------------------------------


-- CREATE LINK "fk_usuarios_permissoes1" -----------------------
ALTER TABLE `usuarios`
	ADD CONSTRAINT `fk_usuarios_permissoes1` FOREIGN KEY ( `permisos_id` )
	REFERENCES `permisos`( `idPermiso` )
	ON DELETE No Action
	ON UPDATE No Action;
-- -------------------------------------------------------------


/*!40101 SET SQL_MODE=@OLD_SQL_MODE */;
/*!40014 SET FOREIGN_KEY_CHECKS=@OLD_FOREIGN_KEY_CHECKS */;
/*!40101 SET CHARACTER_SET_CLIENT=@OLD_CHARACTER_SET_CLIENT */;
/*!40101 SET CHARACTER_SET_RESULTS=@OLD_CHARACTER_SET_RESULTS */;
/*!40101 SET COLLATION_CONNECTION=@OLD_COLLATION_CONNECTION */;
-- ---------------------------------------------------------


